seed_pmid,seed_genes,generation_1_unique,generation_2_unique,generation_3_unique_selective,shortlisted_candidates,priority_A,priority_B,priority_C,seed_pubmed_url
11038181,MGM1|FZO1,32,799,907,629,138,104,387,https://pubmed.ncbi.nlm.nih.gov/11038181/
12486115,MPS3,40,1067,904,932,211,144,577,https://pubmed.ncbi.nlm.nih.gov/12486115/
1469052,CMD1,50,1114,1319,975,280,114,581,https://pubmed.ncbi.nlm.nih.gov/1469052/
2045414,NMT1,80,1791,1472,1137,256,178,703,https://pubmed.ncbi.nlm.nih.gov/2045414/
22718908,cdc20,71,1742,1491,1311,254,193,864,https://pubmed.ncbi.nlm.nih.gov/22718908/
26185649,UL40,40,1009,869,494,194,54,246,https://pubmed.ncbi.nlm.nih.gov/26185649/
28070485,SCN1A,21,452,819,595,214,98,283,https://pubmed.ncbi.nlm.nih.gov/28070485/
29692967,SCN1A,36,1040,972,678,237,110,331,https://pubmed.ncbi.nlm.nih.gov/29692967/
32301730,SLC6A11,40,1365,422,339,113,56,170,https://pubmed.ncbi.nlm.nih.gov/32301730/
32493688,CRLF1,5,77,62,60,37,5,18,https://pubmed.ncbi.nlm.nih.gov/32493688/
33173785,NBAS,8,276,175,214,22,34,158,https://pubmed.ncbi.nlm.nih.gov/33173785/
33426515,STX1B,18,542,798,712,220,108,384,https://pubmed.ncbi.nlm.nih.gov/33426515/
33342963,CYB5R3,23,499,33,105,5,22,78,https://pubmed.ncbi.nlm.nih.gov/33342963/
34725261,NLRP12,19,1262,519,479,77,133,269,https://pubmed.ncbi.nlm.nih.gov/34725261/
35111581,CPA6|SCN1A,56,1607,1097,884,320,137,427,https://pubmed.ncbi.nlm.nih.gov/35111581/
35866541,NAXD,37,1523,38,114,6,17,91,https://pubmed.ncbi.nlm.nih.gov/35866541/
36299850,MEFV,7,227,94,89,26,30,33,https://pubmed.ncbi.nlm.nih.gov/36299850/
39553263,PCDH19,53,1757,1382,1372,403,250,719,https://pubmed.ncbi.nlm.nih.gov/39553263/
41019480,GABRB3,41,1609,1854,1392,470,263,659,https://pubmed.ncbi.nlm.nih.gov/41019480/
40956030,CSF1R,38,1208,391,457,146,102,209,https://pubmed.ncbi.nlm.nih.gov/40956030/
41190407,GNAO1,13,420,161,201,61,65,75,https://pubmed.ncbi.nlm.nih.gov/41190407/
7744966,RAT7,58,1119,839,664,156,86,422,https://pubmed.ncbi.nlm.nih.gov/7744966/
8245125,ACT1,31,1000,508,452,94,80,278,https://pubmed.ncbi.nlm.nih.gov/8245125/
8195291,RHO1,68,1578,1492,1189,263,144,782,https://pubmed.ncbi.nlm.nih.gov/8195291/
9151668,APE1,46,2613,1973,1635,298,269,1068,https://pubmed.ncbi.nlm.nih.gov/9151668/
8707826,CDC12,73,1840,2078,1643,365,227,1051,https://pubmed.ncbi.nlm.nih.gov/8707826/
8892013,MTHFR,19,310,16,162,16,13,133,https://pubmed.ncbi.nlm.nih.gov/8892013/
10732818,MTHFR,5,45,0,23,6,7,10,https://pubmed.ncbi.nlm.nih.gov/10732818/
669721,G6PD,9,124,43,42,5,12,25,https://pubmed.ncbi.nlm.nih.gov/669721/
27555149,RYR1,13,245,1087,793,484,91,218,https://pubmed.ncbi.nlm.nih.gov/27555149/
15717496,HBB,0,0,0,0,0,0,0,https://pubmed.ncbi.nlm.nih.gov/15717496/
21777234,PCDH19,11,231,98,111,47,6,58,https://pubmed.ncbi.nlm.nih.gov/21777234/
7876346,cdc19,50,1286,1504,1225,304,180,741,https://pubmed.ncbi.nlm.nih.gov/7876346/
21452892,fer-1,35,1370,234,230,39,32,159,https://pubmed.ncbi.nlm.nih.gov/21452892/
9372726,MTHFR,14,280,0,88,8,9,71,https://pubmed.ncbi.nlm.nih.gov/9372726/
17336710,NLRP3,13,243,214,169,27,40,102,https://pubmed.ncbi.nlm.nih.gov/17336710/
32162847,FGF14,17,689,1162,771,296,148,327,https://pubmed.ncbi.nlm.nih.gov/32162847/
9951581,MTHFR,19,266,0,135,16,11,108,https://pubmed.ncbi.nlm.nih.gov/9951581/
10100295,MTHFR,19,536,16,183,15,10,158,https://pubmed.ncbi.nlm.nih.gov/10100295/
28100327,ALDH7N1,15,215,0,17,0,2,15,https://pubmed.ncbi.nlm.nih.gov/28100327/
16430863,SCN1A,14,160,348,309,83,46,180,https://pubmed.ncbi.nlm.nih.gov/16430863/
19809937,SCN1A,11,191,508,424,120,56,248,https://pubmed.ncbi.nlm.nih.gov/19809937/
11326275,GABRG2,27,709,469,412,109,56,247,https://pubmed.ncbi.nlm.nih.gov/11326275/
26684984,RYR1,24,828,1404,908,513,108,287,https://pubmed.ncbi.nlm.nih.gov/26684984/
17507202,SCN1A,23,478,611,522,138,76,308,https://pubmed.ncbi.nlm.nih.gov/17507202/
8122109,DHFR,41,1450,1648,1361,338,202,821,https://pubmed.ncbi.nlm.nih.gov/8122109/
10903313,SSA1,27,714,1246,1021,213,204,604,https://pubmed.ncbi.nlm.nih.gov/10903313/
30711028,ARR1,104,3574,301,549,45,73,431,https://pubmed.ncbi.nlm.nih.gov/30711028/
22140375,SCN1A,31,807,783,654,158,104,392,https://pubmed.ncbi.nlm.nih.gov/22140375/
16797917,MTHFR,61,1240,150,242,49,41,152,https://pubmed.ncbi.nlm.nih.gov/16797917/
2551784,adk,32,758,538,414,106,44,264,https://pubmed.ncbi.nlm.nih.gov/2551784/
36195520,LPIN1,26,984,501,360,215,55,90,https://pubmed.ncbi.nlm.nih.gov/36195520/
8962066,parC,36,1117,447,421,83,65,273,https://pubmed.ncbi.nlm.nih.gov/8962066/
12730722,MTHFR,18,325,325,326,111,69,146,https://pubmed.ncbi.nlm.nih.gov/12730722/
14610673,TNFRSF1A,6,94,61,66,17,9,40,https://pubmed.ncbi.nlm.nih.gov/14610673/
27122014,APOA1BP,13,478,54,89,9,15,65,https://pubmed.ncbi.nlm.nih.gov/27122014/
27618794,,28,640,0,35,1,13,21,https://pubmed.ncbi.nlm.nih.gov/27618794/
22532537,SCN1A,15,379,909,632,229,92,311,https://pubmed.ncbi.nlm.nih.gov/22532537/
12853640,RRF1,62,2053,481,570,87,79,404,https://pubmed.ncbi.nlm.nih.gov/12853640/
2671646,repA,37,861,697,549,128,57,364,https://pubmed.ncbi.nlm.nih.gov/2671646/
21843600,SCN1A,19,272,869,673,174,105,394,https://pubmed.ncbi.nlm.nih.gov/21843600/
24755245,PRRT2,5,127,145,115,35,21,59,https://pubmed.ncbi.nlm.nih.gov/24755245/
16875263,MTHFR,0,0,0,0,0,0,0,https://pubmed.ncbi.nlm.nih.gov/16875263/
6250847,alpha,33,571,704,391,156,31,204,https://pubmed.ncbi.nlm.nih.gov/6250847/
25569746,SCN1A,18,488,838,644,205,95,344,https://pubmed.ncbi.nlm.nih.gov/25569746/
12117478,CHAT,25,529,101,74,12,12,50,https://pubmed.ncbi.nlm.nih.gov/12117478/
36438652,MagR,46,1730,0,120,0,18,102,https://pubmed.ncbi.nlm.nih.gov/36438652/
8642469,MTHFR,4,249,0,88,4,2,82,https://pubmed.ncbi.nlm.nih.gov/8642469/
1639409,RYR1,5,63,154,125,70,12,43,https://pubmed.ncbi.nlm.nih.gov/1639409/
10811616,aca,32,900,211,202,24,41,137,https://pubmed.ncbi.nlm.nih.gov/10811616/
14998529,hbrB,24,1153,1514,1105,270,170,665,https://pubmed.ncbi.nlm.nih.gov/14998529/
20817056,NS5,49,1292,315,285,48,40,197,https://pubmed.ncbi.nlm.nih.gov/20817056/
22030266,RYR1,6,252,1117,756,476,61,219,https://pubmed.ncbi.nlm.nih.gov/22030266/
20675100,SCN1A,23,629,675,486,172,65,249,https://pubmed.ncbi.nlm.nih.gov/20675100/
16987817,EIF5A1,57,1777,1068,937,154,158,625,https://pubmed.ncbi.nlm.nih.gov/16987817/
26848126,NLRP3,13,1135,205,157,56,34,67,https://pubmed.ncbi.nlm.nih.gov/26848126/
21235902,RYR1,34,1548,2249,944,569,65,310,https://pubmed.ncbi.nlm.nih.gov/21235902/
1850417,YCOX4,36,968,132,220,15,28,177,https://pubmed.ncbi.nlm.nih.gov/1850417/
31626957,TMEM173,13,488,183,209,34,60,115,https://pubmed.ncbi.nlm.nih.gov/31626957/
30968627,SCN5A,0,0,0,0,0,0,0,https://pubmed.ncbi.nlm.nih.gov/30968627/
7944949,UL54,37,1005,494,326,144,14,168,https://pubmed.ncbi.nlm.nih.gov/7944949/
1874415,FLA10|APM1,48,1062,506,517,108,47,362,https://pubmed.ncbi.nlm.nih.gov/1874415/
34982449,SCN9A,0,0,0,0,0,0,0,https://pubmed.ncbi.nlm.nih.gov/34982449/
24089141,pat1,45,1212,524,492,85,72,335,https://pubmed.ncbi.nlm.nih.gov/24089141/
1313947,SEC65,8,187,88,107,8,16,83,https://pubmed.ncbi.nlm.nih.gov/1313947/
11121426,Crygs,48,1018,42,135,10,24,101,https://pubmed.ncbi.nlm.nih.gov/11121426/
2052544,DPB2,29,540,419,407,105,44,258,https://pubmed.ncbi.nlm.nih.gov/2052544/
26283664,,53,2235,196,351,15,107,229,https://pubmed.ncbi.nlm.nih.gov/26283664/
35072530,SCN1A,35,812,1613,1325,386,237,702,https://pubmed.ncbi.nlm.nih.gov/35072530/
34106054,SCN1A,19,401,1020,783,257,127,399,https://pubmed.ncbi.nlm.nih.gov/34106054/
16123778,TP53,40,1409,522,523,66,90,367,https://pubmed.ncbi.nlm.nih.gov/16123778/
1749428,,26,662,695,330,122,49,159,https://pubmed.ncbi.nlm.nih.gov/1749428/
15859396,TNFRSF1A,0,0,0,0,0,0,0,https://pubmed.ncbi.nlm.nih.gov/15859396/
19221029,CDK1,31,1132,538,682,109,114,459,https://pubmed.ncbi.nlm.nih.gov/19221029/
8257795,SEC66,35,858,1019,882,171,154,557,https://pubmed.ncbi.nlm.nih.gov/8257795/
34161859,NAXD,11,244,38,101,5,17,79,https://pubmed.ncbi.nlm.nih.gov/34161859/
32654074,WSL9,60,2621,274,311,40,41,230,https://pubmed.ncbi.nlm.nih.gov/32654074/
12183066,PEX1,26,862,327,379,48,70,261,https://pubmed.ncbi.nlm.nih.gov/12183066/
8825043,RYR1,30,335,746,459,313,30,116,https://pubmed.ncbi.nlm.nih.gov/8825043/
9162111,PET1402,36,884,336,403,62,85,256,https://pubmed.ncbi.nlm.nih.gov/9162111/
9597195,MTHFR,76,1195,16,271,18,19,234,https://pubmed.ncbi.nlm.nih.gov/9597195/
15260956,dap160,76,2426,1327,895,224,120,551,https://pubmed.ncbi.nlm.nih.gov/15260956/
9106220,dnaA,43,811,1212,897,256,172,469,https://pubmed.ncbi.nlm.nih.gov/9106220/
10804357,MTHFR,0,0,0,0,0,0,0,https://pubmed.ncbi.nlm.nih.gov/10804357/
21463272,SCN1A,31,297,474,451,172,63,216,https://pubmed.ncbi.nlm.nih.gov/21463272/
20637075,RPB1,41,1399,546,477,71,79,327,https://pubmed.ncbi.nlm.nih.gov/20637075/
7943985,RYR1,20,275,487,316,199,22,95,https://pubmed.ncbi.nlm.nih.gov/7943985/
11906212,tipE,43,1563,484,321,61,31,229,https://pubmed.ncbi.nlm.nih.gov/11906212/
18080732,CIAS1,13,504,282,311,52,70,189,https://pubmed.ncbi.nlm.nih.gov/18080732/
22527214,NLRP3,43,949,340,399,62,85,252,https://pubmed.ncbi.nlm.nih.gov/22527214/
16972263,MR-1,11,203,31,41,3,12,26,https://pubmed.ncbi.nlm.nih.gov/16972263/
29895950,CCT,36,1413,220,182,31,20,131,https://pubmed.ncbi.nlm.nih.gov/29895950/
1652272,SRC,11,325,455,314,95,86,133,https://pubmed.ncbi.nlm.nih.gov/1652272/
16232925,ECM31,11,242,168,201,21,44,136,https://pubmed.ncbi.nlm.nih.gov/16232925/
25693187,,71,2727,433,613,60,91,462,https://pubmed.ncbi.nlm.nih.gov/25693187/
36797819,NLRC4,16,875,473,441,73,119,249,https://pubmed.ncbi.nlm.nih.gov/36797819/
35047275,ATP1A3,7,124,337,179,67,23,89,https://pubmed.ncbi.nlm.nih.gov/35047275/
29557500,RYR1,46,1129,696,690,262,90,338,https://pubmed.ncbi.nlm.nih.gov/29557500/
1329295,RYR1,29,828,1162,549,332,47,170,https://pubmed.ncbi.nlm.nih.gov/1329295/
17349292,MTHFR,30,673,522,455,119,112,224,https://pubmed.ncbi.nlm.nih.gov/17349292/
18845387,EIF2B5,14,162,51,47,7,6,34,https://pubmed.ncbi.nlm.nih.gov/18845387/
1322589,src,80,1777,1126,822,205,239,378,https://pubmed.ncbi.nlm.nih.gov/1322589/
11927574,PRP5,77,1945,1060,683,154,89,440,https://pubmed.ncbi.nlm.nih.gov/11927574/
24297311,HA,23,987,275,178,30,23,125,https://pubmed.ncbi.nlm.nih.gov/24297311/
12065422,fin1,51,1234,1383,1120,276,197,647,https://pubmed.ncbi.nlm.nih.gov/12065422/
22240828,SCN1A,21,334,347,342,119,57,166,https://pubmed.ncbi.nlm.nih.gov/22240828/
14767070,mmd1|alpha2-tubulin,27,854,853,685,149,85,451,https://pubmed.ncbi.nlm.nih.gov/14767070/
34975730,ATP1A3,14,310,401,230,81,38,111,https://pubmed.ncbi.nlm.nih.gov/34975730/
30582250,PCDH19,77,1533,898,1110,310,194,606,https://pubmed.ncbi.nlm.nih.gov/30582250/
40429823,RYR1,39,1631,942,752,502,73,177,https://pubmed.ncbi.nlm.nih.gov/40429823/
9622215,MTHFR,19,483,0,189,9,9,171,https://pubmed.ncbi.nlm.nih.gov/9622215/
9837999,DNL4,40,855,577,571,100,81,390,https://pubmed.ncbi.nlm.nih.gov/9837999/
9738874,emb-5,31,638,408,405,75,58,272,https://pubmed.ncbi.nlm.nih.gov/9738874/
35361806,GSR,51,2312,229,501,39,69,393,https://pubmed.ncbi.nlm.nih.gov/35361806/
17020904,SCN1B,53,1106,775,666,157,106,403,https://pubmed.ncbi.nlm.nih.gov/17020904/
15184577,BMH1,49,1554,763,716,141,135,440,https://pubmed.ncbi.nlm.nih.gov/15184577/
32686763,FAS,43,2539,76,101,2,4,95,https://pubmed.ncbi.nlm.nih.gov/32686763/
21997345,MTHFR,24,582,381,310,96,75,139,https://pubmed.ncbi.nlm.nih.gov/21997345/
29246899,sep-1,35,1696,851,854,140,168,546,https://pubmed.ncbi.nlm.nih.gov/29246899/
21762453,SCN1A,5,46,170,161,85,18,58,https://pubmed.ncbi.nlm.nih.gov/21762453/
1849679,3C,46,878,389,266,83,27,156,https://pubmed.ncbi.nlm.nih.gov/1849679/
18302315,CCA1,30,761,531,441,97,66,278,https://pubmed.ncbi.nlm.nih.gov/18302315/
25604069,ROM2,36,1796,1056,787,177,115,495,https://pubmed.ncbi.nlm.nih.gov/25604069/
21050834,MTHFR,22,972,669,532,134,150,248,https://pubmed.ncbi.nlm.nih.gov/21050834/
1500441,cdc2,61,972,1214,965,234,200,531,https://pubmed.ncbi.nlm.nih.gov/1500441/
21541511,TP53,53,1341,593,622,73,92,457,https://pubmed.ncbi.nlm.nih.gov/21541511/
35099006,pkd2,85,2911,1340,1097,259,196,642,https://pubmed.ncbi.nlm.nih.gov/35099006/
39119390,SCN1A,18,1155,2584,1669,529,335,805,https://pubmed.ncbi.nlm.nih.gov/39119390/
38721668,SCN5A,25,2303,457,390,77,121,192,https://pubmed.ncbi.nlm.nih.gov/38721668/
27668839,NAA10,82,2899,1142,1163,206,185,772,https://pubmed.ncbi.nlm.nih.gov/27668839/
8282687,fusA,24,657,508,445,85,48,312,https://pubmed.ncbi.nlm.nih.gov/8282687/
34174751,SCN1A,19,583,1204,1039,296,193,550,https://pubmed.ncbi.nlm.nih.gov/34174751/
33339510,shibire,42,1148,540,333,103,40,190,https://pubmed.ncbi.nlm.nih.gov/33339510/
39440542,OsTMS16,56,1648,714,581,72,111,398,https://pubmed.ncbi.nlm.nih.gov/39440542/
28483396,ATP1A3,12,288,303,225,66,36,123,https://pubmed.ncbi.nlm.nih.gov/28483396/
22705271,SCN1A,34,507,678,617,191,95,331,https://pubmed.ncbi.nlm.nih.gov/22705271/
10376845,MTHFR,41,641,0,188,16,17,155,https://pubmed.ncbi.nlm.nih.gov/10376845/
15019536,MTHFR,27,833,23,221,35,29,157,https://pubmed.ncbi.nlm.nih.gov/15019536/
12566275,SCN1A,24,195,420,368,102,56,210,https://pubmed.ncbi.nlm.nih.gov/12566275/
31980450,HSP82|HSC82,128,5859,3621,3040,539,536,1965,https://pubmed.ncbi.nlm.nih.gov/31980450/
19648156,RYR1,37,1278,3168,1421,839,123,459,https://pubmed.ncbi.nlm.nih.gov/19648156/
15238512,dnaT,34,1078,947,875,187,152,536,https://pubmed.ncbi.nlm.nih.gov/15238512/
18719443,RYR1,23,618,1945,1107,660,114,333,https://pubmed.ncbi.nlm.nih.gov/18719443/
8641285,RHO1,62,1375,982,913,202,101,610,https://pubmed.ncbi.nlm.nih.gov/8641285/
9151423,gntS,23,2399,1395,971,238,124,609,https://pubmed.ncbi.nlm.nih.gov/9151423/
9626480,TP53,35,904,318,367,47,51,269,https://pubmed.ncbi.nlm.nih.gov/9626480/
19854600,SCN1A,12,158,87,110,44,12,54,https://pubmed.ncbi.nlm.nih.gov/19854600/
8917315,glnS,21,383,117,126,24,23,79,https://pubmed.ncbi.nlm.nih.gov/8917315/
40715700,OsRqc1,65,2786,954,891,137,170,584,https://pubmed.ncbi.nlm.nih.gov/40715700/
7968540,EtxB,30,1738,1047,823,156,191,476,https://pubmed.ncbi.nlm.nih.gov/7968540/
19181872,Anfcp1,62,2135,1393,1171,269,187,715,https://pubmed.ncbi.nlm.nih.gov/19181872/
11860891,MTHFR,0,0,0,0,0,0,0,https://pubmed.ncbi.nlm.nih.gov/11860891/
37055399,NBAS,25,728,249,306,34,57,215,https://pubmed.ncbi.nlm.nih.gov/37055399/
27935186,PMA1,39,1550,874,755,140,135,480,https://pubmed.ncbi.nlm.nih.gov/27935186/
9890931,tpi,26,642,230,292,33,71,188,https://pubmed.ncbi.nlm.nih.gov/9890931/
21940683,DNJ1,77,2865,1416,1371,247,256,868,https://pubmed.ncbi.nlm.nih.gov/21940683/
12138370,MTHFR,47,754,214,434,92,70,272,https://pubmed.ncbi.nlm.nih.gov/12138370/
19289736,SCN1A,14,396,693,555,182,75,298,https://pubmed.ncbi.nlm.nih.gov/19289736/
9493571,MTHFR,22,335,15,179,19,17,143,https://pubmed.ncbi.nlm.nih.gov/9493571/
10488093,RPG1,41,1425,556,580,139,102,339,https://pubmed.ncbi.nlm.nih.gov/10488093/
34917021,SCN1A,35,1137,1548,1318,373,228,717,https://pubmed.ncbi.nlm.nih.gov/34917021/
3133659,rbcL,27,526,22,79,4,7,68,https://pubmed.ncbi.nlm.nih.gov/3133659/
31486580,RNase ZS1,46,1980,309,431,43,78,310,https://pubmed.ncbi.nlm.nih.gov/31486580/
8901666,MTHFR,25,302,16,144,12,12,120,https://pubmed.ncbi.nlm.nih.gov/8901666/
18328637,MTHFR,45,1532,645,581,143,129,309,https://pubmed.ncbi.nlm.nih.gov/18328637/
3177384,MTHFR,22,335,0,50,2,3,45,https://pubmed.ncbi.nlm.nih.gov/3177384/
1532230,cys-3,50,1010,267,330,48,41,241,https://pubmed.ncbi.nlm.nih.gov/1532230/
22899724,VPS4,66,2307,1336,1035,174,162,699,https://pubmed.ncbi.nlm.nih.gov/22899724/
9624177,MSS4,52,1683,1484,1154,260,155,739,https://pubmed.ncbi.nlm.nih.gov/9624177/
22016799,DAF-16,45,1202,141,186,30,49,107,https://pubmed.ncbi.nlm.nih.gov/22016799/
8989110,MTHFR,16,240,0,133,12,15,106,https://pubmed.ncbi.nlm.nih.gov/8989110/
12386167,KIN3|NEK2,37,978,1376,1114,255,200,659,https://pubmed.ncbi.nlm.nih.gov/12386167/
8627688,PB2,49,860,885,480,224,54,202,https://pubmed.ncbi.nlm.nih.gov/8627688/
12887442,CHRNA4,39,887,489,486,117,68,301,https://pubmed.ncbi.nlm.nih.gov/12887442/
10583447,MTHFR,46,405,36,234,41,31,162,https://pubmed.ncbi.nlm.nih.gov/10583447/
40737328,DCL5,55,1939,151,334,24,39,271,https://pubmed.ncbi.nlm.nih.gov/40737328/
9025779,TOP2,31,794,439,359,72,46,241,https://pubmed.ncbi.nlm.nih.gov/9025779/
9611072,MTHFR,19,236,0,95,13,17,65,https://pubmed.ncbi.nlm.nih.gov/9611072/
11133719,MTHFR,31,412,85,243,47,33,163,https://pubmed.ncbi.nlm.nih.gov/11133719/
8907700,FLA10,36,865,567,538,126,65,347,https://pubmed.ncbi.nlm.nih.gov/8907700/
19248194,MTHFR,33,951,434,417,110,98,209,https://pubmed.ncbi.nlm.nih.gov/19248194/
10079324,RPD3,38,1307,781,729,114,105,510,https://pubmed.ncbi.nlm.nih.gov/10079324/
31904125,SCN1A,56,1329,1924,1620,421,276,923,https://pubmed.ncbi.nlm.nih.gov/31904125/
11567010,nusA,50,1046,842,621,143,96,382,https://pubmed.ncbi.nlm.nih.gov/11567010/
38834993,DCase,46,2527,117,295,27,68,200,https://pubmed.ncbi.nlm.nih.gov/38834993/
32705777,SON,9,208,138,138,18,29,91,https://pubmed.ncbi.nlm.nih.gov/32705777/
11307798,MTHFR,27,652,73,278,39,26,213,https://pubmed.ncbi.nlm.nih.gov/11307798/
33761695,RANBP2,12,215,140,96,38,19,39,https://pubmed.ncbi.nlm.nih.gov/33761695/
40390331,DLD,38,1015,51,154,10,25,119,https://pubmed.ncbi.nlm.nih.gov/40390331/
28946922,NBAS,33,1402,152,229,37,28,164,https://pubmed.ncbi.nlm.nih.gov/28946922/
16432849,MTHFR,28,756,164,342,55,41,246,https://pubmed.ncbi.nlm.nih.gov/16432849/
18074111,MTHFR,45,1096,581,627,145,140,342,https://pubmed.ncbi.nlm.nih.gov/18074111/
22080611,YPK1,35,1757,695,592,107,123,362,https://pubmed.ncbi.nlm.nih.gov/22080611/
10446107,MTHFR,39,722,0,174,19,16,139,https://pubmed.ncbi.nlm.nih.gov/10446107/
34102571,CACNA1A,45,1573,1081,882,282,170,430,https://pubmed.ncbi.nlm.nih.gov/34102571/
33194065,TP53,12,352,326,250,35,82,133,https://pubmed.ncbi.nlm.nih.gov/33194065/
32215974,Os12g0244100,73,2220,924,1051,143,236,672,https://pubmed.ncbi.nlm.nih.gov/32215974/
23742248,SLC19A3,7,133,0,15,1,2,12,https://pubmed.ncbi.nlm.nih.gov/23742248/
27143072,PCDH19,0,0,0,0,0,0,0,https://pubmed.ncbi.nlm.nih.gov/27143072/
22837193,L,37,628,629,333,201,35,97,https://pubmed.ncbi.nlm.nih.gov/22837193/
12186157,MTHFR,0,0,0,0,0,0,0,https://pubmed.ncbi.nlm.nih.gov/12186157/
19860872,L3|p23 protease,53,1987,406,311,88,30,193,https://pubmed.ncbi.nlm.nih.gov/19860872/
8758047,MTHFR,27,524,0,139,10,7,122,https://pubmed.ncbi.nlm.nih.gov/8758047/
22624006,IFNG,52,1950,146,248,14,34,200,https://pubmed.ncbi.nlm.nih.gov/22624006/
30180405,TBC1D24,0,0,0,0,0,0,0,https://pubmed.ncbi.nlm.nih.gov/30180405/
39146709,PCDH19,25,963,167,387,136,72,179,https://pubmed.ncbi.nlm.nih.gov/39146709/
9163103,TP53,0,0,0,0,0,0,0,https://pubmed.ncbi.nlm.nih.gov/9163103/
19653015,,27,902,48,88,7,15,66,https://pubmed.ncbi.nlm.nih.gov/19653015/
26187468,HBB|HBA1|HBA2,62,1317,0,103,0,12,91,https://pubmed.ncbi.nlm.nih.gov/26187468/
32849737,TMS5,28,602,99,231,28,34,169,https://pubmed.ncbi.nlm.nih.gov/32849737/
17023077,MTHFR,32,753,0,189,13,9,167,https://pubmed.ncbi.nlm.nih.gov/17023077/
41029085,HBB,17,658,0,62,2,12,48,https://pubmed.ncbi.nlm.nih.gov/41029085/
10363126,MTHFR,38,488,0,176,20,20,136,https://pubmed.ncbi.nlm.nih.gov/10363126/
20825051,MTHFR,19,456,336,300,88,60,152,https://pubmed.ncbi.nlm.nih.gov/20825051/
10739378,MTHFR,37,638,103,288,49,37,202,https://pubmed.ncbi.nlm.nih.gov/10739378/
9213225,TP53,62,2307,382,454,84,60,310,https://pubmed.ncbi.nlm.nih.gov/9213225/
9247365,MTHFR,32,391,0,171,16,20,135,https://pubmed.ncbi.nlm.nih.gov/9247365/
36072379,YTHDC1|YTHDC2,36,1750,0,130,2,23,105,https://pubmed.ncbi.nlm.nih.gov/36072379/
28441826,ATP1A3,0,0,0,0,0,0,0,https://pubmed.ncbi.nlm.nih.gov/28441826/
11336184,MTHFR,38,674,100,228,42,16,170,https://pubmed.ncbi.nlm.nih.gov/11336184/
